<manifest alg="2" build="2015.2.1.352" opt="false" iceEnabled="true" iceMarkupVersion="2" iceEnabledOptions="link,responsive" exportTarget="other" domain="design4dj.com" resolutions="1x" timestamp="1469560491152">
  <folder name="css">
    <file name="site_global.css" crc="4084823975"/>
    <file name="index.css" crc="155347014" ref="index"/>
  </folder>
  <folder name="fonts">
    <file name="montserrat-bold-webfont.woff" crc="218980517"/>
    <file name="montserrat-bold-webfont.eot" crc="4208353868"/>
    <file name="montserrat-bold-webfont.svg" crc="4129020171"/>
    <file name="montserrat-regular-webfont.woff" crc="3818246618"/>
    <file name="montserrat-regular-webfont.eot" crc="201228811"/>
    <file name="montserrat-regular-webfont.svg" crc="3833497321"/>
    <file name="montserrat-light-webfont.woff" crc="371376182"/>
    <file name="montserrat-light-webfont.eot" crc="3776299489"/>
    <file name="montserrat-light-webfont.svg" crc="4230968976"/>
    <file name="montserrat-extrabold-webfont.woff" crc="4170059547"/>
    <file name="montserrat-extrabold-webfont.eot" crc="423198898"/>
    <file name="montserrat-extrabold-webfont.svg" crc="344239503"/>
  </folder>
  <folder name="scripts">
    <file name="jquery-1.8.3.min.js" crc="169078940" ref="phone>index:tablet>index:index"/>
    <file name="museutils.js" crc="3851988764" ref="phone>index:tablet>index:index"/>
    <file name="whatinput.js" crc="86476730" ref="phone>index:tablet>index:index"/>
    <file name="museconfig.js" crc="4242129463" ref="phone>index:tablet>index:index"/>
    <file name="pie.js" crc="3831537696" ref="phone>index:tablet>index:index"/>
    <file name="jquery.musemenu.js" crc="4150485998" ref="phone>index:tablet>index:index"/>
    <file name="webpro.js" crc="4067903014" ref="phone>index:tablet>index:index"/>
    <file name="musewpdisclosure.js" crc="338211507" ref="phone>index"/>
    <file name="jquery.watch.js" crc="3842844514" ref="phone>index:tablet>index:index"/>
    <file name="form_check.php" crc="121412709" ref="phone>index"/>
    <file name="form_throttle.php" crc="4268640971" ref="phone>index"/>
    <file name="form_process.php" crc="444429785" ref="phone>index"/>
    <file name="form-u2807.php" crc="475445513" ref="phone>index"/>
    <file name="musewpslideshow.js" crc="4265225696" ref="phone>index:tablet>index:index"/>
    <file name="jquery.museoverlay.js" crc="4075157096" ref="phone>index:tablet>index:index"/>
    <file name="touchswipe.js" crc="474750357" ref="phone>index:tablet>index:index"/>
    <file name="jquery.musepolyfill.bgsize.js" crc="271560940" ref="phone>index:tablet>index:index"/>
    <file name="form-u3031.php" crc="516232323" ref="phone>index"/>
    <file name="html5shiv.js" crc="4241844378" ref="phone>index:tablet>index:index"/>
    <file name="require.js" crc="4108833657" ref="phone>index:tablet>index:index"/>
    <file name="form-u3862.php" crc="3768528598" ref="tablet>index"/>
    <file name="form-u4138.php" crc="4056146170" ref="tablet>index"/>
    <file name="form-u1454.php" crc="141959053" ref="index"/>
    <file name="form-u1609.php" crc="3803146843" ref="index"/>
    <file name="jquery.scrolleffects.js" crc="511146689" ref="index"/>
  </folder>
  <folder name="images">
    <file name="m_back_shape_01.png" crc="3870234644" ref="phone>index"/>
    <file name="m_dj_photo_01.png" crc="173892058" ref="phone>index"/>
    <file name="m_back_shape_02.png" crc="3925930517" seo="true" ref="phone>index"/>
    <file name="m_navi_01.png" crc="14563294" ref="phone>index"/>
    <file name="blank.gif" crc="4208392903" ref="phone>index:tablet>index:index"/>
    <file name="m_dj_photo_02.png" crc="297566155" ref="phone>index"/>
    <file name="u2808-17.png" crc="4031150451" ref="phone>index"/>
    <file name="u2808-17-r.png" crc="3851027816" ref="phone>index"/>
    <file name="u2808-17-m.png" crc="3851027816" ref="phone>index"/>
    <file name="u2808-17-fs.png" crc="331500856" ref="phone>index"/>
    <file name="news_01332x224.jpg" crc="3971814870" seo="true" ref="phone>index"/>
    <file name="news_02332x224.jpg" crc="4258105909" seo="true" ref="phone>index"/>
    <file name="news_03332x224.jpg" crc="395984349" seo="true" ref="phone>index"/>
    <file name="m_back_shape_03.png" crc="156291070" ref="phone>index"/>
    <file name="m_dj_photo_03.png" crc="165627580" ref="phone>index"/>
    <file name="photo_01s.jpg" crc="3996171825" ref="phone>index:tablet>index:index"/>
    <file name="photo_02s.jpg" crc="4263180122" ref="phone>index:tablet>index:index"/>
    <file name="photo_03s.jpg" crc="451250896" ref="phone>index:tablet>index:index"/>
    <file name="photo_04s.jpg" crc="234875350" ref="phone>index:tablet>index:index"/>
    <file name="photo_05s.jpg" crc="4020021885" ref="phone>index:tablet>index:index"/>
    <file name="photo_06s.jpg" crc="3977068714" ref="phone>index:tablet>index:index"/>
    <file name="u3033-17.png" crc="3775760106" ref="phone>index"/>
    <file name="u3033-17-r.png" crc="270489077" ref="phone>index"/>
    <file name="u3033-17-m.png" crc="270489077" ref="phone>index"/>
    <file name="u3033-17-fs.png" crc="3775760106" ref="phone>index"/>
    <file name="icon_fb_01.png" crc="188933570" ref="phone>index:tablet>index:index"/>
    <file name="icon_fb_02.png" crc="4070884943" ref="phone>index:tablet>index:index"/>
    <file name="icon_tw_01.png" crc="4294107839" ref="phone>index:tablet>index:index"/>
    <file name="icon_tw_02.png" crc="128403735" ref="phone>index:tablet>index:index"/>
    <file name="icon_ins_01.png" crc="483690635" ref="phone>index:tablet>index:index"/>
    <file name="icon_ins_02.png" crc="4088651295" ref="phone>index:tablet>index:index"/>
    <file name="icon_mix_01.png" crc="4248174140" ref="phone>index:tablet>index:index"/>
    <file name="icon_mix_02.png" crc="3881712531" ref="phone>index:tablet>index:index"/>
    <file name="icon_sc_01.png" crc="3767037025" ref="phone>index:tablet>index:index"/>
    <file name="icon_sc_02.png" crc="62018523" ref="phone>index:tablet>index:index"/>
    <file name="icon_yt_01.png" crc="3813034585" ref="phone>index:tablet>index:index"/>
    <file name="icon_yt_02.png" crc="3882438368" ref="phone>index:tablet>index:index"/>
    <file name="m_back_shape_05.png" crc="4108509329" ref="phone>index"/>
    <file name="m_back_shape_04.png" crc="4133050537" ref="phone>index"/>
    <file name="back_shape_06-u3588-fr.png" crc="358099205" ref="tablet>index:index"/>
    <file name="back_shape_01.png" crc="521075017" ref="tablet>index:index"/>
    <file name="back_shape_05.png" crc="492605417" ref="tablet>index:index"/>
    <file name="back_shape_04.png" crc="4157363275" ref="tablet>index:index"/>
    <file name="dj_photo_01_desk.png" crc="3879395225" ref="tablet>index:index"/>
    <file name="dj_icons.png" crc="4170284184" seo="true" ref="tablet>index:index"/>
    <file name="back_shape_07.png" crc="3985982238" ref="tablet>index:index"/>
    <file name="dj_photo_02_desk.png" crc="455704691" ref="tablet>index:index"/>
    <file name="flyer_03_02.jpg" crc="3768920958" ref="tablet>index:index"/>
    <file name="flyer_03_02-u3858-r-fr.png" crc="29376169" ref="tablet>index:index"/>
    <file name="flyer_01_02.jpg" crc="4164375966" ref="tablet>index:index"/>
    <file name="flyer_01_02-u3854-r-fr.png" crc="279344350" ref="tablet>index:index"/>
    <file name="flyer_02_02.jpg" crc="3854856576" ref="tablet>index:index"/>
    <file name="flyer_02_02-u3856-r-fr.png" crc="4164166039" ref="tablet>index:index"/>
    <file name="u3863-17.png" crc="4031150451" ref="tablet>index"/>
    <file name="u3863-17-r.png" crc="3851027816" ref="tablet>index"/>
    <file name="u3863-17-m.png" crc="3851027816" ref="tablet>index"/>
    <file name="u3863-17-fs.png" crc="331500856" ref="tablet>index"/>
    <file name="news_01.jpg" crc="365206648" seo="true" ref="tablet>index:index"/>
    <file name="news_02.jpg" crc="206994436" seo="true" ref="tablet>index:index"/>
    <file name="news_03.jpg" crc="4173217986" seo="true" ref="tablet>index:index"/>
    <file name="dj_photo_03_desk.png" crc="320726054" ref="tablet>index:index"/>
    <file name="photo_01s-u4084-r-fr.png" crc="66991544" ref="tablet>index:index"/>
    <file name="photo_02s-u4086-r-fr.png" crc="482090350" ref="tablet>index:index"/>
    <file name="photo_03s-u4085-r-fr.png" crc="501754542" ref="tablet>index:index"/>
    <file name="photo_04s-u4087-r-fr.png" crc="57710699" ref="tablet>index:index"/>
    <file name="photo_05s-u4088-r-fr.png" crc="433017149" ref="tablet>index:index"/>
    <file name="photo_06s-u4083-r-fr.png" crc="249177190" ref="tablet>index:index"/>
    <file name="photo_01b.jpg" crc="312242470" ref="tablet>index:index"/>
    <file name="photo_02b.jpg" crc="376507476" ref="tablet>index:index"/>
    <file name="photo_03b.jpg" crc="4003956587" ref="tablet>index:index"/>
    <file name="photo_04b.jpg" crc="3833986305" ref="tablet>index:index"/>
    <file name="photo_05b.jpg" crc="248488251" ref="tablet>index:index"/>
    <file name="photo_06b.jpg" crc="78441646" ref="tablet>index:index"/>
    <file name="prev_btn_01.png" crc="415009994" ref="tablet>index:index"/>
    <file name="next_btn_01.png" crc="404405383" ref="tablet>index:index"/>
    <file name="close_btn_01.png" crc="3764849332" ref="tablet>index:index"/>
    <file name="u4148-17.png" crc="4031150451" ref="tablet>index"/>
    <file name="u4148-17-r.png" crc="3851027816" ref="tablet>index"/>
    <file name="u4148-17-m.png" crc="3851027816" ref="tablet>index"/>
    <file name="u4148-17-fs.png" crc="4031150451" ref="tablet>index"/>
    <file name="back_shape_09.png" crc="124954134" ref="tablet>index:index"/>
    <file name="back_shape_08.png" crc="3966381612" ref="tablet>index:index"/>
    <file name="menu_normal.png" crc="89876818" ref="index"/>
    <file name="menu_back.png" crc="342622831" ref="index"/>
    <file name="u1466-17.png" crc="4031150451" ref="index"/>
    <file name="u1466-17-r.png" crc="3851027816" ref="index"/>
    <file name="u1466-17-m.png" crc="3851027816" ref="index"/>
    <file name="u1466-17-fs.png" crc="331500856" ref="index"/>
    <file name="u1624-17.png" crc="4031150451" ref="index"/>
    <file name="u1624-17-r.png" crc="3851027816" ref="index"/>
    <file name="u1624-17-m.png" crc="3851027816" ref="index"/>
    <file name="u1624-17-fs.png" crc="4031150451" ref="index"/>
  </folder>
  <folder name="tablet">
    <folder name="css">
      <file name="index.css" crc="464919970" ref="tablet>index"/>
    </folder>
    <file name="index.html" crc="275248382" seo="true" mt="1469559013523" redirect="true"/>
  </folder>
  <folder name="phone">
    <folder name="css">
      <file name="index.css" crc="394155858" ref="phone>index"/>
    </folder>
    <file name="index.html" crc="111214844" seo="true" mt="1469558656569" redirect="true"/>
  </folder>
  <file name="index.html" crc="4212871552" seo="true" mt="1469559005679" redirect="true"/>
</manifest>