<?xml version="1.0" encoding="utf-8"?>
<extension type="module" version="3.1.0" client="site" method="upgrade">
    <name>Social Information</name>
    <version>1.0</version>
	<creationDate>January 2015</creationDate>
	<author>Joomlastars</author>
	<authorEmail>stars.joomla@gmail.org</authorEmail>
	<copyright>copyright (C) 2015 by Joomlastars - All rights reserved!</copyright>
    <description>A simple Social site Module</description>
    <files>
        <filename>mod_jssocial.xml</filename>
        <filename module="mod_jssocial">mod_jssocial.php</filename>
        <filename>index.html</filename>
        <filename>helper.php</filename>
        <filename>tmpl/default.php</filename>
        <filename>tmpl/index.html</filename>
    </files>
    <config>
		<fields name="params">
			<fieldset name="advanced">
				<field
					name="moduleclass_sfx"
					type="text"
					label="COM_MODULES_FIELD_MODULECLASS_SFX_LABEL"
					description="COM_MODULES_FIELD_MODULECLASS_SFX_DESC" />
			</fieldset>
		</fields>
    </config>
</extension>