<manifest alg="2" build="2015.2.1.352" opt="false" iceEnabled="true" iceMarkupVersion="2" iceEnabledOptions="link,responsive" exportTarget="other" domain="design4dj.com" resolutions="1x" timestamp="1481411620267">
  <folder name="css">
    <file name="site_global.css" crc="119944935"/>
    <file name="index.css" crc="4145152699" ref="index"/>
    <file name="nomq_index.css" crc="4100788348" ref="index"/>
  </folder>
  <folder name="fonts">
    <file name="montserrat-regular-webfont.woff" crc="3818246618"/>
    <file name="montserrat-regular-webfont.eot" crc="201228811"/>
    <file name="montserrat-regular-webfont.svg" crc="3833497321"/>
    <file name="montserrat-light-webfont.woff" crc="371376182"/>
    <file name="montserrat-light-webfont.eot" crc="3776299489"/>
    <file name="montserrat-light-webfont.svg" crc="4230968976"/>
    <file name="montserrat-bold-webfont.woff" crc="218980517"/>
    <file name="montserrat-bold-webfont.eot" crc="4208353868"/>
    <file name="montserrat-bold-webfont.svg" crc="4129020171"/>
  </folder>
  <folder name="scripts">
    <file name="jquery-1.8.3.min.js" crc="169078940" ref="index"/>
    <file name="museutils.js" crc="3851988764" ref="index"/>
    <file name="whatinput.js" crc="86476730" ref="index"/>
    <file name="museconfig.js" crc="4242129463" ref="index"/>
    <file name="jquery.musepolyfill.bgsize.js" crc="271560940" ref="index"/>
    <file name="jquery.musemenu.js" crc="4150485998" ref="index"/>
    <file name="jquery.watch.js" crc="3842844514" ref="index"/>
    <file name="pie.js" crc="3831537696" ref="index"/>
    <file name="webpro.js" crc="4067903014" ref="index"/>
    <file name="musewpslideshow.js" crc="4265225696" ref="index"/>
    <file name="jquery.museoverlay.js" crc="4075157096" ref="index"/>
    <file name="touchswipe.js" crc="474750357" ref="index"/>
    <file name="html5shiv.js" crc="4241844378" ref="index"/>
    <file name="jquery.museresponsive.js" crc="516761069" ref="index"/>
    <file name="require.js" crc="4108833657" ref="index"/>
  </folder>
  <folder name="images">
    <file name="background_01.jpg" crc="106128427" ref="index"/>
    <file name="logo.png" crc="3789747321" ref="index"/>
    <file name="logo_rollover.png" crc="530388219" ref="index"/>
    <file name="blank.gif" crc="4208392903" ref="index"/>
    <file name="personal_photo_01.jpg" crc="315112244" ref="index"/>
    <file name="personal_photo_02.jpg" crc="4253394334" ref="index"/>
    <file name="client_01-u1464-fr.png" crc="393593905" ref="index"/>
    <file name="client_01.png" crc="8772713" ref="index"/>
    <file name="client_02-u1484-fr.png" crc="16412479" ref="index"/>
    <file name="client_02.png" crc="415560751" ref="index"/>
    <file name="client_03-u1490-fr.png" crc="3939855395" ref="index"/>
    <file name="client_03.png" crc="3776959281" ref="index"/>
    <file name="background_02.jpg" crc="217094556" ref="index"/>
    <file name="u1843-grad.png" crc="525968777" ref="index"/>
    <file name="work_01_t.jpg" crc="4272408845" ref="index"/>
    <file name="work_01_t-u1638-r-fr.png" crc="533486720" ref="index"/>
    <file name="work_02_t.jpg" crc="159118682" ref="index"/>
    <file name="work_02_t-u1671-r-fr.png" crc="4163732306" ref="index"/>
    <file name="work_03_t.jpg" crc="4291585824" ref="index"/>
    <file name="work_03_t-u1677-r-fr.png" crc="87591274" ref="index"/>
    <file name="work_01_b.jpg" crc="161682836" ref="index"/>
    <file name="work_02_b.jpg" crc="218121613" ref="index"/>
    <file name="work_03_b.jpg" crc="226048266" ref="index"/>
    <file name="up-u2830-fr.png" crc="345382335" ref="index"/>
    <file name="up.png" crc="4242388324" ref="index"/>
    <file name="personal_photo_01-ieu1228-fr.png" crc="89521376" ref="index"/>
    <file name="client_02-ieu1484-fr.png" crc="4011109683" ref="index"/>
    <file name="client_01-ieu1464-fr.png" crc="3902019384" ref="index"/>
    <file name="client_03-ieu1490-fr.png" crc="3884844248" ref="index"/>
    <file name="work_01_t-ieu1638-fr.png" crc="4056499458" ref="index"/>
    <file name="work_02_t-ieu1671-fr.png" crc="232396586" ref="index"/>
    <file name="work_03_t-ieu1677-fr.png" crc="3808967512" ref="index"/>
    <file name="client_01-ieu1464-fr2.png" crc="3962043924" ref="index"/>
    <file name="client_01-u1464-r-fr.png" crc="3758613957" ref="index"/>
    <file name="client_02-ieu1484-fr2.png" crc="4131834694" ref="index"/>
    <file name="client_02-u1484-r-fr.png" crc="184175993" ref="index"/>
    <file name="client_03-ieu1490-fr2.png" crc="3989238262" ref="index"/>
    <file name="client_03-u1490-r-fr.png" crc="534581300" ref="index"/>
    <file name="u1843-grad2.png" crc="4010253347" ref="index"/>
    <file name="work_01_t-ieu1638-fr2.png" crc="429633506" ref="index"/>
    <file name="work_01_t-u1638-r-fr2.png" crc="518470696" ref="index"/>
    <file name="work_02_t-ieu1671-fr2.png" crc="3945062740" ref="index"/>
    <file name="work_02_t-u1671-r-fr2.png" crc="453824946" ref="index"/>
    <file name="work_03_t-ieu1677-fr2.png" crc="144672958" ref="index"/>
    <file name="work_03_t-u1677-r-fr2.png" crc="4250417548" ref="index"/>
    <file name="personal_photo_01-ieu1228-fr2.png" crc="3816651571" ref="index"/>
    <file name="client_01-ieu1464-fr3.png" crc="56113198" ref="index"/>
    <file name="client_01-u1464-r-fr2.png" crc="493781746" ref="index"/>
    <file name="client_02-ieu1484-fr3.png" crc="4246201657" ref="index"/>
    <file name="client_02-u1484-r-fr2.png" crc="3922583447" ref="index"/>
    <file name="client_03-ieu1490-fr3.png" crc="462563049" ref="index"/>
    <file name="client_03-u1490-r-fr2.png" crc="88918532" ref="index"/>
    <file name="u1843-grad3.png" crc="4049614722" ref="index"/>
    <file name="work_01_t-ieu1638-fr3.png" crc="513739140" ref="index"/>
    <file name="work_01_t-u1638-r-fr3.png" crc="239347337" ref="index"/>
    <file name="work_02_t-ieu1671-fr3.png" crc="3797859878" ref="index"/>
    <file name="work_02_t-u1671-r-fr3.png" crc="4221639372" ref="index"/>
    <file name="work_03_t-ieu1677-fr3.png" crc="206774989" ref="index"/>
    <file name="work_03_t-u1677-r-fr3.png" crc="111652191" ref="index"/>
    <file name="work_01_b-u1630-fr.jpg" crc="3980252909" ref="index"/>
    <file name="work_02_b-u1674-fr.jpg" crc="373222788" ref="index"/>
    <file name="work_03_b-u1680-fr.jpg" crc="262180934" ref="index"/>
    <file name="personal_photo_01-ieu1228-fr3.png" crc="3835510013" ref="index"/>
    <file name="client_01-ieu1464-fr4.png" crc="4037645207" ref="index"/>
    <file name="client_01-u1464-r-fr3.png" crc="107919556" ref="index"/>
    <file name="client_02-ieu1484-fr4.png" crc="111888547" ref="index"/>
    <file name="client_02-u1484-r-fr3.png" crc="440206341" ref="index"/>
    <file name="client_03-ieu1490-fr4.png" crc="4086322045" ref="index"/>
    <file name="client_03-u1490-r-fr3.png" crc="4242864286" ref="index"/>
    <file name="work_01_b-u4539-fr.jpg" crc="4116501413" ref="index"/>
    <file name="work_02_b-u4561-fr.jpg" crc="4210469006" ref="index"/>
    <file name="u1843-grad4.png" crc="353493500" ref="index"/>
    <file name="work_03_b-u4591-fr.jpg" crc="4131312383" ref="index"/>
    <file name="personal_photo_01-ieu1228-fr4.png" crc="3858760772" ref="index"/>
    <file name="personal_photo_02-u1228-r-fr.jpg" crc="4126851661" ref="index"/>
    <file name="client_01-ieu1464-fr5.png" crc="3926155104" ref="index"/>
    <file name="client_01-u1464-r-fr4.png" crc="416067057" ref="index"/>
    <file name="client_02-ieu1484-fr5.png" crc="3963280402" ref="index"/>
    <file name="client_02-u1484-r-fr4.png" crc="293510294" ref="index"/>
    <file name="client_03-ieu1490-fr5.png" crc="366760392" ref="index"/>
    <file name="client_03-u1490-r-fr4.png" crc="4263995987" ref="index"/>
    <file name="work_01_b-u4539-fr2.jpg" crc="4150534685" ref="index"/>
    <file name="work_02_b-u4561-fr2.jpg" crc="3882451514" ref="index"/>
    <file name="u1843-grad5.png" crc="421331350" ref="index"/>
    <file name="work_03_b-u4591-fr2.jpg" crc="4233250097" ref="index"/>
  </folder>
  <file name="index.html" crc="4005892797" seo="true" mt="1481411583059" redirect="true"/>
</manifest>