<manifest alg="2" build="2015.2.1.352" opt="false" iceEnabled="true" iceMarkupVersion="2" iceEnabledOptions="link,responsive" exportTarget="other" domain="design4dj.com" resolutions="1x" timestamp="1475483890647">
  <folder name="css">
    <file name="site_global.css" crc="3973713539"/>
    <file name="index.css" crc="217781136" ref="index"/>
    <file name="iefonts_index.css" crc="215584607" ref="index"/>
  </folder>
  <folder name="fonts">
    <file name="montserrat-regular-webfont.woff" crc="3818246618"/>
    <file name="montserrat-regular-webfont.eot" crc="201228811"/>
    <file name="montserrat-regular-webfont.svg" crc="3833497321"/>
    <file name="montserrat-bold-webfont.woff" crc="218980517"/>
    <file name="montserrat-bold-webfont.eot" crc="4208353868"/>
    <file name="montserrat-bold-webfont.svg" crc="4129020171"/>
  </folder>
  <folder name="assets">
    <file name="jquery.counterup.min.js" crc="3831897152" seo="true" mt="1385401986000"/>
  </folder>
  <folder name="scripts">
    <file name="jquery-1.8.3.min.js" crc="169078940" ref="phone>index:tablet>index:index"/>
    <file name="museutils.js" crc="3851988764" ref="phone>index:tablet>index:index"/>
    <file name="whatinput.js" crc="86476730" ref="phone>index:tablet>index:index"/>
    <file name="museconfig.js" crc="4242129463" ref="phone>index:tablet>index:index"/>
    <file name="jquery.musepolyfill.bgsize.js" crc="271560940" ref="phone>index:tablet>index:index"/>
    <file name="pie.js" crc="3831537696" ref="phone>index:tablet>index:index"/>
    <file name="jquery.watch.js" crc="3842844514" ref="phone>index:tablet>index:index"/>
    <file name="jquery.musemenu.js" crc="4150485998" ref="phone>index:tablet>index:index"/>
    <file name="webpro.js" crc="4067903014" ref="phone>index:tablet>index:index"/>
    <file name="musewpslideshow.js" crc="4265225696" ref="phone>index:tablet>index:index"/>
    <file name="jquery.museoverlay.js" crc="4075157096" ref="phone>index:tablet>index:index"/>
    <file name="touchswipe.js" crc="474750357" ref="phone>index:tablet>index:index"/>
    <file name="form_check.php" crc="121412709" ref="phone>index"/>
    <file name="form_throttle.php" crc="4268640971" ref="phone>index"/>
    <file name="form_process.php" crc="444429785" ref="phone>index"/>
    <file name="form-u10381.php" crc="4154209132" ref="phone>index"/>
    <file name="html5shiv.js" crc="4241844378" ref="phone>index:tablet>index:index"/>
    <file name="require.js" crc="4108833657" ref="phone>index:tablet>index:index"/>
    <file name="form-u8362.php" crc="294728709" ref="tablet>index"/>
    <file name="form-u6136.php" crc="4057344706" ref="index"/>
  </folder>
  <folder name="images">
    <file name="home_background4.jpg" crc="4091771617" ref="phone>index:tablet>index:index"/>
    <file name="company_logo.png" crc="264853440" ref="phone>index:tablet>index:index"/>
    <file name="blank.gif" crc="4208392903" ref="phone>index:tablet>index:index"/>
    <file name="sborders_01.png" crc="139377778" ref="phone>index:tablet>index:index"/>
    <file name="mob_menu_normal.png" crc="385078088" ref="phone>index"/>
    <file name="mob_menu_close.png" crc="324945691" ref="phone>index"/>
    <file name="video_player_background_01-u8994-fr.png" crc="3906820115" ref="phone>index"/>
    <file name="video_background-ieu9003-fr.png" crc="3815987367" ref="phone>index"/>
    <file name="video_background.jpg" crc="247139389" ref="phone>index:tablet>index:index"/>
    <file name="video_play_btn_01.png" crc="335404067" ref="phone>index:tablet>index:index"/>
    <file name="video_play_btn_02.png" crc="4163524795" ref="phone>index:tablet>index:index"/>
    <file name="sborders_03.png" crc="341968692" ref="phone>index:tablet>index:index"/>
    <file name="about_01331x402.png" crc="4203560612" seo="true" ref="phone>index"/>
    <file name="trigger_02.png" crc="466625443" ref="phone>index:tablet>index:index"/>
    <file name="trigger_03.png" crc="117215215" ref="phone>index:tablet>index:index"/>
    <file name="trigger_01.png" crc="320588648" ref="phone>index:tablet>index:index"/>
    <file name="icon_for_services.png" crc="359782179" ref="phone>index"/>
    <file name="client_logo_01_1.png" crc="4230923949" ref="phone>index:tablet>index:index"/>
    <file name="client_logo_01_2.png" crc="329608065" ref="phone>index:tablet>index:index"/>
    <file name="client_logo_02_1.png" crc="4174857266" ref="phone>index:tablet>index:index"/>
    <file name="client_logo_02_2.png" crc="3840852364" ref="phone>index:tablet>index:index"/>
    <file name="client_logo_03_1.png" crc="380856616" ref="phone>index:tablet>index:index"/>
    <file name="client_logo_03_2.png" crc="4190718761" ref="phone>index:tablet>index:index"/>
    <file name="client_logo_04_1.png" crc="111823107" ref="phone>index:tablet>index:index"/>
    <file name="client_logo_04_2.png" crc="421969268" ref="phone>index:tablet>index:index"/>
    <file name="testimonials_background.jpg" crc="4050165290" ref="phone>index:tablet>index:index"/>
    <file name="testimonials_photo_03.jpg" crc="4063037710" ref="phone>index:tablet>index:index"/>
    <file name="testimonials_photo_02.jpg" crc="424480367" ref="phone>index:tablet>index:index"/>
    <file name="testimonials_photo_01.jpg" crc="4226736584" ref="phone>index:tablet>index:index"/>
    <file name="trigger_04.png" crc="258940176" ref="phone>index"/>
    <file name="trigger_05.png" crc="4180278813" ref="phone>index"/>
    <file name="sborders_04.png" crc="4158534362" ref="phone>index:tablet>index:index"/>
    <file name="team_member_01.png" crc="3825569169" seo="true" ref="phone>index:tablet>index:index"/>
    <file name="icon_fb_01-u9694-fr.png" crc="2739935" ref="phone>index:tablet>index:index"/>
    <file name="icon_fb_02.png" crc="403317079" ref="phone>index:tablet>index:index"/>
    <file name="icon_twitter_01-u9692-fr.png" crc="444762094" ref="phone>index:tablet>index:index"/>
    <file name="icon_twitter_02.png" crc="495910676" ref="phone>index:tablet>index:index"/>
    <file name="icon_insta_01-u9693-fr.png" crc="105355198" ref="phone>index:tablet>index:index"/>
    <file name="icon_insta_02.png" crc="3843724490" ref="phone>index:tablet>index:index"/>
    <file name="team_member_02.png" crc="93184909" seo="true" ref="phone>index:tablet>index:index"/>
    <file name="team_member_03.png" crc="136382416" seo="true" ref="phone>index:tablet>index:index"/>
    <file name="prev_arrow.png" crc="340047998" ref="phone>index"/>
    <file name="next_arrow.png" crc="316106930" ref="phone>index"/>
    <file name="work_01_b-u10222-fr.jpg" crc="402987531" ref="phone>index"/>
    <file name="work_02_b-u10279-fr.jpg" crc="4036336462" ref="phone>index"/>
    <file name="work_03_b-u10288-fr.jpg" crc="3984903261" ref="phone>index"/>
    <file name="work_04_b-u10297-fr.jpg" crc="4206599351" ref="phone>index"/>
    <file name="work_06_b-u10306-fr.jpg" crc="254956044" ref="phone>index"/>
    <file name="work_05_b-u10315-fr.jpg" crc="295768933" ref="phone>index"/>
    <file name="work_07_b-u10324-fr.jpg" crc="292316962" ref="phone>index"/>
    <file name="work_08_b-u10333-fr.jpg" crc="433546862" ref="phone>index"/>
    <file name="cta_background.jpg" crc="3895532884" ref="phone>index:tablet>index:index"/>
    <file name="sborders_06.png" crc="258967985" ref="phone>index:tablet>index:index"/>
    <file name="u10388-17.png" crc="3805284" ref="phone>index"/>
    <file name="u10388-17-r.png" crc="3836944103" ref="phone>index"/>
    <file name="u10388-17-m.png" crc="3836944103" ref="phone>index"/>
    <file name="u10388-17-fs.png" crc="4116160567" ref="phone>index"/>
    <file name="sborders_05.png" crc="40488813" ref="phone>index:tablet>index:index"/>
    <file name="icon_fb_01-u10521-fr.png" crc="208722283" ref="phone>index:tablet>index:index"/>
    <file name="icon_twitter_01.png" crc="4163492468" ref="phone>index:tablet>index:index"/>
    <file name="icon_insta_01.png" crc="4209472240" ref="phone>index:tablet>index:index"/>
    <file name="icon_googleplus_01.png" crc="422427272" ref="phone>index:tablet>index:index"/>
    <file name="icon_youtube_01.png" crc="488019460" ref="phone>index:tablet>index:index"/>
    <file name="video_player_background_01.png" crc="236336969" ref="tablet>index:index"/>
    <file name="about_01.png" crc="3828196428" seo="true" ref="tablet>index:index"/>
    <file name="services_01.png" crc="330818819" seo="true" ref="tablet>index:index"/>
    <file name="client_logo_05_1.png" crc="444098577" ref="tablet>index:index"/>
    <file name="client_logo_05_2.png" crc="3895801459" ref="tablet>index:index"/>
    <file name="works_trigger_background.png" crc="3932648138" ref="tablet>index:index"/>
    <file name="work_01_t.jpg" crc="62026268" ref="tablet>index:index"/>
    <file name="work_02_t.jpg" crc="3846810391" ref="tablet>index:index"/>
    <file name="work_03_t.jpg" crc="4250689460" ref="tablet>index:index"/>
    <file name="work_04_t.jpg" crc="4280222479" ref="tablet>index:index"/>
    <file name="work_06_t.jpg" crc="274190895" ref="tablet>index:index"/>
    <file name="work_05_t.jpg" crc="3867431617" ref="tablet>index:index"/>
    <file name="work_07_t.jpg" crc="3856321362" ref="tablet>index:index"/>
    <file name="work_08_t.jpg" crc="428537814" ref="tablet>index:index"/>
    <file name="work_01_b.jpg" crc="493261593" ref="tablet>index:index"/>
    <file name="work_02_b.jpg" crc="4185878140" ref="tablet>index:index"/>
    <file name="work_03_b.jpg" crc="156703499" ref="tablet>index:index"/>
    <file name="work_04_b.jpg" crc="4140393355" ref="tablet>index:index"/>
    <file name="work_06_b.jpg" crc="45263331" ref="tablet>index:index"/>
    <file name="work_05_b.jpg" crc="429192385" ref="tablet>index:index"/>
    <file name="work_07_b.jpg" crc="3923063807" ref="tablet>index:index"/>
    <file name="work_08_b.jpg" crc="4048341399" ref="tablet>index:index"/>
    <file name="prev_btn-u8228-r-fr.png" crc="276250645" ref="tablet>index:index"/>
    <file name="next_btn-u8226-r-fr.png" crc="499311152" ref="tablet>index:index"/>
    <file name="btn_close.png" crc="4091688660" ref="tablet>index:index"/>
    <file name="contacts_01.png" crc="4046108129" seo="true" ref="tablet>index:index"/>
    <file name="u8365-17.png" crc="3915609134" ref="tablet>index"/>
    <file name="u8365-17-r.png" crc="3805284" ref="tablet>index"/>
    <file name="u8365-17-m.png" crc="3805284" ref="tablet>index"/>
    <file name="u8365-17-fs.png" crc="4116160567" ref="tablet>index"/>
    <file name="navi_normal.png" crc="341164688" ref="index"/>
    <file name="navi_active.png" crc="252614539" ref="index"/>
    <file name="scroll_down.gif" crc="4264217285" ref="index"/>
    <file name="u6147-17.png" crc="3915609134" ref="index"/>
    <file name="u6147-17-r.png" crc="3805284" ref="index"/>
    <file name="u6147-17-m.png" crc="3805284" ref="index"/>
    <file name="u6147-17-fs.png" crc="4116160567" ref="index"/>
  </folder>
  <folder name="tablet">
    <folder name="css">
      <file name="index.css" crc="70210083" ref="tablet>index"/>
      <file name="iefonts_index.css" crc="234668605" ref="tablet>index"/>
    </folder>
    <file name="index.html" crc="257496410" seo="true" mt="1475483835689" redirect="true"/>
  </folder>
  <folder name="phone">
    <folder name="css">
      <file name="index.css" crc="480298392" ref="phone>index"/>
      <file name="iefonts_index.css" crc="3901370325" ref="phone>index"/>
    </folder>
    <file name="index.html" crc="268895184" seo="true" mt="1475483835633" redirect="true"/>
  </folder>
  <file name="index.html" crc="409884854" seo="true" mt="1475483835765" redirect="true"/>
</manifest>