<manifest alg="2" build="2015.2.1.352" opt="false" iceEnabled="true" iceMarkupVersion="2" iceEnabledOptions="link,responsive" exportTarget="other" domain="design4dj.com" resolutions="1x" timestamp="1485359271652">
  <folder name="css">
    <file name="site_global.css" crc="4144451575"/>
    <file name="index.css" crc="30856582" ref="index"/>
    <file name="nomq_index.css" crc="384397879" ref="index"/>
    <file name="iefonts_index.css" crc="3824530138" ref="index"/>
  </folder>
  <folder name="scripts">
    <file name="jquery-1.8.3.min.js" crc="169078940" ref="index"/>
    <file name="museutils.js" crc="3851988764" ref="index"/>
    <file name="whatinput.js" crc="86476730" ref="index"/>
    <file name="museconfig.js" crc="4242129463" ref="index"/>
    <file name="pie.js" crc="3831537696" ref="index"/>
    <file name="jquery.musemenu.js" crc="4150485998" ref="index"/>
    <file name="jquery.musepolyfill.bgsize.js" crc="271560940" ref="index"/>
    <file name="jquery.watch.js" crc="3842844514" ref="index"/>
    <file name="webpro.js" crc="4067903014" ref="index"/>
    <file name="form_check.php" crc="121412709" ref="index"/>
    <file name="form_throttle.php" crc="4268640971" ref="index"/>
    <file name="form_process.php" crc="444429785" ref="index"/>
    <file name="form-u1426.php" crc="4229943712" ref="index"/>
    <file name="musewpslideshow.js" crc="4265225696" ref="index"/>
    <file name="jquery.museoverlay.js" crc="4075157096" ref="index"/>
    <file name="touchswipe.js" crc="474750357" ref="index"/>
    <file name="form-u1990.php" crc="369508240" ref="index"/>
    <file name="musewpdisclosure.js" crc="338211507" ref="index"/>
    <file name="html5shiv.js" crc="4241844378" ref="index"/>
    <file name="jquery.museresponsive.js" crc="516761069" ref="index"/>
    <file name="require.js" crc="4108833657" ref="index"/>
  </folder>
  <folder name="images">
    <file name="a-master-favicon.ico" crc="3943716741" ref="index"/>
    <file name="u435-grad.png" crc="3990652791" ref="index"/>
    <file name="home.png" crc="308086629" ref="index"/>
    <file name="home-u2291-a-fr.png" crc="3854759260" ref="index"/>
    <file name="about.png" crc="3852656306" ref="index"/>
    <file name="about-u2063-a-fr.png" crc="325107975" ref="index"/>
    <file name="gigs.png" crc="212894305" ref="index"/>
    <file name="gigs-u2210-a-fr.png" crc="4239253909" ref="index"/>
    <file name="mixes.png" crc="3837727928" ref="index"/>
    <file name="mixes-u2105-a-fr.png" crc="3778800299" ref="index"/>
    <file name="photos.png" crc="495211757" ref="index"/>
    <file name="photos-u2126-a-fr.png" crc="4131600872" ref="index"/>
    <file name="video.png" crc="4055217597" ref="index"/>
    <file name="video-u2168-a-fr.png" crc="316819867" ref="index"/>
    <file name="contacts.png" crc="255784204" ref="index"/>
    <file name="contacts-u2147-a-fr.png" crc="203138605" ref="index"/>
    <file name="background_01.jpg" crc="290028461" ref="index"/>
    <file name="blank.gif" crc="4208392903" ref="index"/>
    <file name="background_02.jpg" crc="4080143667" ref="index"/>
    <file name="flyer_01.jpg" crc="465627004" ref="index"/>
    <file name="flyer_01-u2047-r-fr.png" crc="235811062" ref="index"/>
    <file name="flyer_02.jpg" crc="4227476886" ref="index"/>
    <file name="flyer_02-u1355-r-fr.png" crc="424388187" ref="index"/>
    <file name="flyer_03.jpg" crc="454104081" ref="index"/>
    <file name="flyer_03-u1381-r-fr.png" crc="421029625" ref="index"/>
    <file name="flyer_04.jpg" crc="51120275" ref="index"/>
    <file name="flyer_04-u1398-r-fr.png" crc="4243505392" ref="index"/>
    <file name="u1438-17.png" crc="3834167820" ref="index"/>
    <file name="u1438-17-r.png" crc="4153267271" ref="index"/>
    <file name="u1438-17-m.png" crc="4153267271" ref="index"/>
    <file name="u1438-17-fs.png" crc="3834167820" ref="index"/>
    <file name="photo001s.jpg" crc="187402206" ref="index"/>
    <file name="photo001s-u1534-r-fr.png" crc="452003640" ref="index"/>
    <file name="photo002s.jpg" crc="4228175868" ref="index"/>
    <file name="photo002s-u1575-r-fr.png" crc="178461640" ref="index"/>
    <file name="photo003s.jpg" crc="4011397502" ref="index"/>
    <file name="photo003s-u1581-r-fr.png" crc="3832764047" ref="index"/>
    <file name="photo004s.jpg" crc="173701664" ref="index"/>
    <file name="photo004s-u1587-r-fr.png" crc="420464743" ref="index"/>
    <file name="photo005s.jpg" crc="61364217" ref="index"/>
    <file name="photo005s-u1593-r-fr.png" crc="311646700" ref="index"/>
    <file name="photo006s.jpg" crc="3954106836" ref="index"/>
    <file name="photo006s-u1599-r-fr.png" crc="451611467" ref="index"/>
    <file name="photo007s.jpg" crc="430299308" ref="index"/>
    <file name="photo007s-u1754-r-fr.png" crc="4267899192" ref="index"/>
    <file name="photo008s.jpg" crc="262802570" ref="index"/>
    <file name="photo008s-u1760-r-fr.png" crc="4228836138" ref="index"/>
    <file name="photo009s.jpg" crc="3883560684" ref="index"/>
    <file name="photo009s-u1766-r-fr.png" crc="3840614964" ref="index"/>
    <file name="photo001b.jpg" crc="270626049" ref="index"/>
    <file name="photo002b.jpg" crc="3871279886" ref="index"/>
    <file name="photo003b.jpg" crc="201065302" ref="index"/>
    <file name="photo004b.jpg" crc="126832696" ref="index"/>
    <file name="photo005b.jpg" crc="392479026" ref="index"/>
    <file name="photo006b.jpg" crc="426519433" ref="index"/>
    <file name="photo007b.jpg" crc="138810353" ref="index"/>
    <file name="photo009b.jpg" crc="137170005" ref="index"/>
    <file name="btn_prev.png" crc="475599668" ref="index"/>
    <file name="btn_next.png" crc="462920029" ref="index"/>
    <file name="btn_close.png" crc="3767366488" ref="index"/>
    <file name="icon_facebook.png" crc="293099899" ref="index"/>
    <file name="icon_facebook-u1845-r-fr.png" crc="314512856" ref="index"/>
    <file name="icon_twitter.png" crc="4103834161" ref="index"/>
    <file name="icon_twitter-u1886-r-fr.png" crc="3955561070" ref="index"/>
    <file name="icon_youtube.png" crc="3805717174" ref="index"/>
    <file name="icon_youtube-u1892-r-fr.png" crc="4075540065" ref="index"/>
    <file name="icon_soundcloud.png" crc="149870998" ref="index"/>
    <file name="icon_soundcloud-u1901-r-fr.png" crc="3971702983" ref="index"/>
    <file name="icon_mixcloud.png" crc="388806360" ref="index"/>
    <file name="icon_mixcloud-u1904-r-fr.png" crc="3914897857" ref="index"/>
    <file name="u1999-17.png" crc="7720614" ref="index"/>
    <file name="u1999-17-r.png" crc="4139098969" ref="index"/>
    <file name="u1999-17-m.png" crc="4139098969" ref="index"/>
    <file name="u1999-17-fs.png" crc="7720614" ref="index"/>
    <file name="u1438-172.png" crc="3834167820" ref="index"/>
    <file name="u1438-17-r2.png" crc="4153267271" ref="index"/>
    <file name="u1438-17-m2.png" crc="4153267271" ref="index"/>
    <file name="u1438-17-fs2.png" crc="3834167820" ref="index"/>
    <file name="u1999-172.png" crc="4215787987" ref="index"/>
    <file name="u1999-17-r2.png" crc="55070728" ref="index"/>
    <file name="u1999-17-m2.png" crc="55070728" ref="index"/>
    <file name="u1999-17-fs2.png" crc="4215787987" ref="index"/>
    <file name="flyer_01-u2047-fr.jpg" crc="354342728" ref="index"/>
    <file name="flyer_01-u2047-r-fr2.png" crc="268021622" ref="index"/>
    <file name="flyer_02-u1355-fr.jpg" crc="367400520" ref="index"/>
    <file name="flyer_02-u1355-r-fr2.png" crc="4140162329" ref="index"/>
    <file name="flyer_03-u1381-fr.jpg" crc="450765498" ref="index"/>
    <file name="flyer_03-u1381-r-fr2.png" crc="174013272" ref="index"/>
    <file name="flyer_04-u1398-fr.jpg" crc="159240915" ref="index"/>
    <file name="flyer_04-u1398-r-fr2.png" crc="326771129" ref="index"/>
    <file name="u1438-173.png" crc="3834167820" ref="index"/>
    <file name="u1438-17-r3.png" crc="4153267271" ref="index"/>
    <file name="u1438-17-m3.png" crc="4153267271" ref="index"/>
    <file name="u1438-17-fs3.png" crc="3834167820" ref="index"/>
    <file name="photo001s-u1534-fr.jpg" crc="3894368231" ref="index"/>
    <file name="photo001s-u1534-r-fr2.png" crc="4136083755" ref="index"/>
    <file name="photo002s-u1575-fr.jpg" crc="4123150592" ref="index"/>
    <file name="photo002s-u1575-r-fr2.png" crc="298926109" ref="index"/>
    <file name="photo003s-u1581-fr.jpg" crc="4274495743" ref="index"/>
    <file name="photo003s-u1581-r-fr2.png" crc="399624936" ref="index"/>
    <file name="photo004s-u1587-fr.jpg" crc="19066057" ref="index"/>
    <file name="photo004s-u1587-r-fr2.png" crc="306190175" ref="index"/>
    <file name="photo005s-u1593-fr.jpg" crc="98300403" ref="index"/>
    <file name="photo005s-u1593-r-fr2.png" crc="483344514" ref="index"/>
    <file name="photo006s-u1599-fr.jpg" crc="4103103977" ref="index"/>
    <file name="photo006s-u1599-r-fr2.png" crc="169997166" ref="index"/>
    <file name="photo007s-u1754-fr.jpg" crc="4126677949" ref="index"/>
    <file name="photo007s-u1754-r-fr2.png" crc="96178417" ref="index"/>
    <file name="photo008s-u1760-fr.jpg" crc="94850195" ref="index"/>
    <file name="photo008s-u1760-r-fr2.png" crc="46200462" ref="index"/>
    <file name="photo009s-u1766-fr.jpg" crc="342292584" ref="index"/>
    <file name="photo009s-u1766-r-fr2.png" crc="3903378345" ref="index"/>
    <file name="u1999-173.png" crc="3834167820" ref="index"/>
    <file name="u1999-17-r3.png" crc="4153267271" ref="index"/>
    <file name="u1999-17-m3.png" crc="4153267271" ref="index"/>
    <file name="u1999-17-fs3.png" crc="3834167820" ref="index"/>
    <file name="u1438-174.png" crc="3834167820" ref="index"/>
    <file name="u1438-17-r4.png" crc="4153267271" ref="index"/>
    <file name="u1438-17-m4.png" crc="4153267271" ref="index"/>
    <file name="u1438-17-fs4.png" crc="3834167820" ref="index"/>
    <file name="photo001s-u1534-fr2.jpg" crc="525963561" ref="index"/>
    <file name="photo001s-u1534-r-fr3.png" crc="3759321660" ref="index"/>
    <file name="photo002s-u1575-fr2.jpg" crc="3809293226" ref="index"/>
    <file name="photo002s-u1575-r-fr3.png" crc="464699357" ref="index"/>
    <file name="photo003s-u1581-fr2.jpg" crc="398338408" ref="index"/>
    <file name="photo003s-u1581-r-fr3.png" crc="4270447866" ref="index"/>
    <file name="photo004s-u1587-fr2.jpg" crc="3784056423" ref="index"/>
    <file name="photo004s-u1587-r-fr3.png" crc="334735370" ref="index"/>
    <file name="photo005s-u1593-fr2.jpg" crc="3830731791" ref="index"/>
    <file name="photo005s-u1593-r-fr3.png" crc="21589235" ref="index"/>
    <file name="photo006s-u1599-fr2.jpg" crc="88592307" ref="index"/>
    <file name="photo006s-u1599-r-fr3.png" crc="273220944" ref="index"/>
    <file name="photo007s-u1754-fr2.jpg" crc="4274209766" ref="index"/>
    <file name="photo007s-u1754-r-fr3.png" crc="3832037845" ref="index"/>
    <file name="photo008s-u1760-fr2.jpg" crc="92653867" ref="index"/>
    <file name="photo008s-u1760-r-fr3.png" crc="4239225894" ref="index"/>
    <file name="photo009s-u1766-fr2.jpg" crc="4112003477" ref="index"/>
    <file name="photo009s-u1766-r-fr3.png" crc="351531610" ref="index"/>
    <file name="photo001b-u1541-fr.jpg" crc="3928164265" ref="index"/>
    <file name="photo002b-u1578-fr.jpg" crc="348143874" ref="index"/>
    <file name="photo003b-u1584-fr.jpg" crc="495964002" ref="index"/>
    <file name="photo004b-u1590-fr.jpg" crc="4014191667" ref="index"/>
    <file name="photo005b-u1596-fr.jpg" crc="115614870" ref="index"/>
    <file name="photo006b-u1602-fr.jpg" crc="4258950832" ref="index"/>
    <file name="photo007b-u1757-fr.jpg" crc="3806227743" ref="index"/>
    <file name="photo009b-u1763-fr.jpg" crc="35549946" ref="index"/>
    <file name="u1999-174.png" crc="3834167820" ref="index"/>
    <file name="u1999-17-r4.png" crc="4153267271" ref="index"/>
    <file name="u1999-17-m4.png" crc="4153267271" ref="index"/>
    <file name="u1999-17-fs4.png" crc="3834167820" ref="index"/>
    <file name="flyer_01-u2047-fr2.jpg" crc="4042801118" ref="index"/>
    <file name="flyer_01-u2047-r-fr3.png" crc="375351539" ref="index"/>
    <file name="flyer_02-u1355-fr2.jpg" crc="77850876" ref="index"/>
    <file name="flyer_02-u1355-r-fr3.png" crc="476822519" ref="index"/>
    <file name="flyer_03-u1381-fr2.jpg" crc="122199868" ref="index"/>
    <file name="flyer_03-u1381-r-fr3.png" crc="4043621252" ref="index"/>
    <file name="flyer_04-u1398-fr2.jpg" crc="4283344606" ref="index"/>
    <file name="flyer_04-u1398-r-fr3.png" crc="3816451956" ref="index"/>
    <file name="u1438-175.png" crc="3834167820" ref="index"/>
    <file name="u1438-17-r5.png" crc="4153267271" ref="index"/>
    <file name="u1438-17-m5.png" crc="4153267271" ref="index"/>
    <file name="u1438-17-fs5.png" crc="3834167820" ref="index"/>
    <file name="photo001b-u3541-fr.jpg" crc="401739217" ref="index"/>
    <file name="photo004b-u3563-fr.jpg" crc="464921217" ref="index"/>
    <file name="photo007b-u3619-fr.jpg" crc="3897436428" ref="index"/>
    <file name="photo008b.jpg" crc="3900848541" ref="index"/>
    <file name="u1999-175.png" crc="3834167820" ref="index"/>
    <file name="u1999-17-r5.png" crc="4153267271" ref="index"/>
    <file name="u1999-17-m5.png" crc="4153267271" ref="index"/>
    <file name="u1999-17-fs5.png" crc="3834167820" ref="index"/>
    <file name="menu_back.png" crc="122523399" ref="index"/>
    <file name="menu_back_02.png" crc="253246421" ref="index"/>
    <file name="flyer_01-u2047-fr3.jpg" crc="4098205719" ref="index"/>
    <file name="flyer_01-u2047-r-fr4.png" crc="4204125037" ref="index"/>
    <file name="flyer_02-u1355-fr3.jpg" crc="4125329582" ref="index"/>
    <file name="flyer_02-u1355-r-fr4.png" crc="329004603" ref="index"/>
    <file name="flyer_03-u1381-fr3.jpg" crc="116612732" ref="index"/>
    <file name="flyer_03-u1381-r-fr4.png" crc="3872789691" ref="index"/>
    <file name="flyer_04-u1398-fr3.jpg" crc="402900555" ref="index"/>
    <file name="flyer_04-u1398-r-fr4.png" crc="32090488" ref="index"/>
    <file name="u1438-176.png" crc="3834167820" ref="index"/>
    <file name="u1438-17-r6.png" crc="4153267271" ref="index"/>
    <file name="u1438-17-m6.png" crc="4153267271" ref="index"/>
    <file name="u1438-17-fs6.png" crc="3834167820" ref="index"/>
    <file name="photo001b-u3541-fr2.jpg" crc="508116920" ref="index"/>
    <file name="photo004b-u3563-fr2.jpg" crc="327308156" ref="index"/>
    <file name="photo007b-u3619-fr2.jpg" crc="3949261511" ref="index"/>
    <file name="photo008b-u3604-fr.jpg" crc="4267467817" ref="index"/>
    <file name="u1999-176.png" crc="3834167820" ref="index"/>
    <file name="u1999-17-r6.png" crc="4153267271" ref="index"/>
    <file name="u1999-17-m6.png" crc="4153267271" ref="index"/>
    <file name="u1999-17-fs6.png" crc="3834167820" ref="index"/>
  </folder>
  <file name="index.html" crc="3908162574" seo="true" mt="1485359244625" redirect="true"/>
</manifest>