<manifest alg="2" build="2015.2.1.352" opt="false" iceEnabled="true" iceMarkupVersion="2" iceEnabledOptions="link,responsive" exportTarget="other" domain="design4dj.com" resolutions="1x" timestamp="1475486295792">
  <folder name="css">
    <file name="site_global.css" crc="3973713539"/>
    <file name="index.css" crc="390051852" ref="index"/>
    <file name="nomq_index.css" crc="156521820" ref="index"/>
    <file name="iefonts_index.css" crc="3824530138" ref="index"/>
  </folder>
  <folder name="fonts">
    <file name="montserrat-bold-webfont.woff" crc="218980517"/>
    <file name="montserrat-bold-webfont.eot" crc="4208353868"/>
    <file name="montserrat-bold-webfont.svg" crc="4129020171"/>
    <file name="montserrat-regular-webfont.woff" crc="3818246618"/>
    <file name="montserrat-regular-webfont.eot" crc="201228811"/>
    <file name="montserrat-regular-webfont.svg" crc="3833497321"/>
  </folder>
  <folder name="assets">
    <file name="jquery.counterup.min.js" crc="3831897152" seo="true" mt="1385401986000"/>
  </folder>
  <folder name="scripts">
    <file name="jquery-1.8.3.min.js" crc="169078940" ref="index"/>
    <file name="museutils.js" crc="3851988764" ref="index"/>
    <file name="whatinput.js" crc="86476730" ref="index"/>
    <file name="museconfig.js" crc="4242129463" ref="index"/>
    <file name="jquery.musepolyfill.bgsize.js" crc="271560940" ref="index"/>
    <file name="jquery.musemenu.js" crc="4150485998" ref="index"/>
    <file name="pie.js" crc="3831537696" ref="index"/>
    <file name="webpro.js" crc="4067903014" ref="index"/>
    <file name="musewpslideshow.js" crc="4265225696" ref="index"/>
    <file name="jquery.museoverlay.js" crc="4075157096" ref="index"/>
    <file name="touchswipe.js" crc="474750357" ref="index"/>
    <file name="jquery.watch.js" crc="3842844514" ref="index"/>
    <file name="form_check.php" crc="121412709" ref="index"/>
    <file name="form_throttle.php" crc="4268640971" ref="index"/>
    <file name="form_process.php" crc="444429785" ref="index"/>
    <file name="form-u6136.php" crc="4057344706" ref="index"/>
    <file name="form-u18991.php" crc="239869616" ref="index"/>
    <file name="html5shiv.js" crc="4241844378" ref="index"/>
    <file name="jquery.museresponsive.js" crc="516761069" ref="index"/>
    <file name="require.js" crc="4108833657" ref="index"/>
  </folder>
  <folder name="images">
    <file name="a-master-favicon.ico" crc="4281327071" ref="index"/>
    <file name="home_background4.jpg" crc="4091771617" ref="index"/>
    <file name="company_logo.png" crc="264853440" ref="index"/>
    <file name="blank.gif" crc="4208392903" ref="index"/>
    <file name="navi_normal.png" crc="341164688" ref="index"/>
    <file name="navi_active.png" crc="252614539" ref="index"/>
    <file name="scroll_down.gif" crc="4264217285" ref="index"/>
    <file name="sborders_01.png" crc="139377778" ref="index"/>
    <file name="video_player_background_01.png" crc="236336969" ref="index"/>
    <file name="video_background.jpg" crc="247139389" ref="index"/>
    <file name="video_play_btn_01.png" crc="335404067" ref="index"/>
    <file name="video_play_btn_02.png" crc="4163524795" ref="index"/>
    <file name="sborders_03.png" crc="341968692" ref="index"/>
    <file name="about_01.png" crc="3828196428" seo="true" ref="index"/>
    <file name="trigger_02.png" crc="466625443" ref="index"/>
    <file name="trigger_03.png" crc="117215215" ref="index"/>
    <file name="trigger_01.png" crc="320588648" ref="index"/>
    <file name="services_01.png" crc="330818819" seo="true" ref="index"/>
    <file name="client_logo_01_1.png" crc="4230923949" ref="index"/>
    <file name="client_logo_01_2.png" crc="329608065" ref="index"/>
    <file name="client_logo_02_1.png" crc="4174857266" ref="index"/>
    <file name="client_logo_02_2.png" crc="3840852364" ref="index"/>
    <file name="client_logo_03_1.png" crc="380856616" ref="index"/>
    <file name="client_logo_03_2.png" crc="4190718761" ref="index"/>
    <file name="client_logo_04_1.png" crc="111823107" ref="index"/>
    <file name="client_logo_04_2.png" crc="421969268" ref="index"/>
    <file name="client_logo_05_1.png" crc="444098577" ref="index"/>
    <file name="client_logo_05_2.png" crc="3895801459" ref="index"/>
    <file name="testimonials_background.jpg" crc="4050165290" ref="index"/>
    <file name="testimonials_photo_03.jpg" crc="4063037710" ref="index"/>
    <file name="testimonials_photo_02.jpg" crc="424480367" ref="index"/>
    <file name="testimonials_photo_01.jpg" crc="4226736584" ref="index"/>
    <file name="sborders_04.png" crc="4158534362" ref="index"/>
    <file name="team_member_01.png" crc="3825569169" seo="true" ref="index"/>
    <file name="team_member_02.png" crc="93184909" seo="true" ref="index"/>
    <file name="team_member_03.png" crc="136382416" seo="true" ref="index"/>
    <file name="icon_fb_01-u2311-fr.png" crc="2739935" ref="index"/>
    <file name="icon_fb_02.png" crc="403317079" ref="index"/>
    <file name="icon_twitter_01-u2308-fr.png" crc="444762094" ref="index"/>
    <file name="icon_twitter_02.png" crc="495910676" ref="index"/>
    <file name="icon_insta_01-u2305-fr.png" crc="105355198" ref="index"/>
    <file name="icon_insta_02.png" crc="3843724490" ref="index"/>
    <file name="works_trigger_background.png" crc="3932648138" ref="index"/>
    <file name="work_01_t.jpg" crc="62026268" ref="index"/>
    <file name="work_02_t.jpg" crc="3846810391" ref="index"/>
    <file name="work_03_t.jpg" crc="4250689460" ref="index"/>
    <file name="work_04_t.jpg" crc="4280222479" ref="index"/>
    <file name="work_06_t.jpg" crc="274190895" ref="index"/>
    <file name="work_05_t.jpg" crc="3867431617" ref="index"/>
    <file name="work_07_t.jpg" crc="3856321362" ref="index"/>
    <file name="work_08_t.jpg" crc="428537814" ref="index"/>
    <file name="work_01_b.jpg" crc="493261593" ref="index"/>
    <file name="work_02_b.jpg" crc="4185878140" ref="index"/>
    <file name="work_03_b.jpg" crc="156703499" ref="index"/>
    <file name="work_04_b.jpg" crc="4140393355" ref="index"/>
    <file name="work_06_b.jpg" crc="45263331" ref="index"/>
    <file name="work_05_b.jpg" crc="429192385" ref="index"/>
    <file name="work_07_b.jpg" crc="3923063807" ref="index"/>
    <file name="work_08_b.jpg" crc="4048341399" ref="index"/>
    <file name="cta_background.jpg" crc="3895532884" ref="index"/>
    <file name="sborders_06.png" crc="258967985" ref="index"/>
    <file name="contacts_01.png" crc="4046108129" seo="true" ref="index"/>
    <file name="u6147-17.png" crc="3915609134" ref="index"/>
    <file name="u6147-17-r.png" crc="3805284" ref="index"/>
    <file name="u6147-17-m.png" crc="3805284" ref="index"/>
    <file name="u6147-17-fs.png" crc="4116160567" ref="index"/>
    <file name="sborders_05.png" crc="40488813" ref="index"/>
    <file name="icon_fb_01-u4537-fr.png" crc="208722283" ref="index"/>
    <file name="icon_twitter_01.png" crc="4163492468" ref="index"/>
    <file name="icon_insta_01.png" crc="4209472240" ref="index"/>
    <file name="icon_googleplus_01.png" crc="422427272" ref="index"/>
    <file name="icon_youtube_01.png" crc="488019460" ref="index"/>
    <file name="u6147-172.png" crc="3915609134" ref="index"/>
    <file name="u6147-17-r2.png" crc="3805284" ref="index"/>
    <file name="u6147-17-m2.png" crc="3805284" ref="index"/>
    <file name="u6147-17-fs2.png" crc="4116160567" ref="index"/>
    <file name="video_player_background_01-u482-fr.png" crc="112234529" ref="index"/>
    <file name="video_background-ieu3566-fr.png" crc="316925935" ref="index"/>
    <file name="services_01200x615.png" crc="304305680" seo="true" ref="index"/>
    <file name="team_member_01200x249.png" crc="4268779113" seo="true" ref="index"/>
    <file name="team_member_02200x249.png" crc="3845614507" seo="true" ref="index"/>
    <file name="team_member_03200x249.png" crc="4162916705" seo="true" ref="index"/>
    <file name="u6147-173.png" crc="3915609134" ref="index"/>
    <file name="u6147-17-r3.png" crc="3805284" ref="index"/>
    <file name="u6147-17-m3.png" crc="3805284" ref="index"/>
    <file name="u6147-17-fs3.png" crc="4116160567" ref="index"/>
    <file name="video_player_background_01-u482-fr2.png" crc="111858790" ref="index"/>
    <file name="video_background-ieu3566-fr2.png" crc="411869663" ref="index"/>
    <file name="work_01_b-u2714-fr.jpg" crc="3810516167" ref="index"/>
    <file name="work_02_b-u2772-fr.jpg" crc="121805700" ref="index"/>
    <file name="work_03_b-u2783-fr.jpg" crc="3786998859" ref="index"/>
    <file name="work_04_b-u2794-fr.jpg" crc="3827960169" ref="index"/>
    <file name="work_06_b-u2805-fr.jpg" crc="4153986169" ref="index"/>
    <file name="work_05_b-u2816-fr.jpg" crc="4225047842" ref="index"/>
    <file name="work_07_b-u2827-fr.jpg" crc="4252111398" ref="index"/>
    <file name="work_08_b-u2838-fr.jpg" crc="458381670" ref="index"/>
    <file name="u6147-174.png" crc="3915609134" ref="index"/>
    <file name="u6147-17-r4.png" crc="3805284" ref="index"/>
    <file name="u6147-17-m4.png" crc="3805284" ref="index"/>
    <file name="u6147-17-fs4.png" crc="4116160567" ref="index"/>
    <file name="video_player_background_01-u482-fr3.png" crc="3820065735" ref="index"/>
    <file name="video_background-ieu3566-fr3.png" crc="65805192" ref="index"/>
    <file name="work_01_b-u2714-fr2.jpg" crc="403728160" ref="index"/>
    <file name="work_02_b-u2772-fr2.jpg" crc="188317626" ref="index"/>
    <file name="work_03_b-u2783-fr2.jpg" crc="291292938" ref="index"/>
    <file name="work_04_b-u2794-fr2.jpg" crc="527356618" ref="index"/>
    <file name="work_06_b-u2805-fr2.jpg" crc="48564159" ref="index"/>
    <file name="work_05_b-u2816-fr2.jpg" crc="19350576" ref="index"/>
    <file name="work_07_b-u2827-fr2.jpg" crc="13919336" ref="index"/>
    <file name="work_08_b-u2838-fr2.jpg" crc="380411853" ref="index"/>
    <file name="u6147-175.png" crc="3915609134" ref="index"/>
    <file name="u6147-17-r5.png" crc="3805284" ref="index"/>
    <file name="u6147-17-m5.png" crc="3805284" ref="index"/>
    <file name="u6147-17-fs5.png" crc="4116160567" ref="index"/>
    <file name="video_player_background_01-u482-fr4.png" crc="284676252" ref="index"/>
    <file name="video_background-ieu3566-fr4.png" crc="3936080984" ref="index"/>
    <file name="video_play_btn_01-u6684-fr.png" crc="4216197532" ref="index"/>
    <file name="video_play_btn_02-u6684-r-fr.png" crc="11269066" ref="index"/>
    <file name="about_01320x388.png" crc="3887560890" seo="true" ref="index"/>
    <file name="icon_for_services.png" crc="359782179" ref="index"/>
    <file name="work_01_t-u2764-fr.jpg" crc="3931018879" ref="index"/>
    <file name="work_02_t-u2775-fr.jpg" crc="324603037" ref="index"/>
    <file name="work_03_t-u2786-fr.jpg" crc="244005605" ref="index"/>
    <file name="work_04_t-u2797-fr.jpg" crc="3926577529" ref="index"/>
    <file name="work_06_t-u2808-fr.jpg" crc="3845209881" ref="index"/>
    <file name="work_05_t-u2819-fr.jpg" crc="4076447259" ref="index"/>
    <file name="work_07_t-u2830-fr.jpg" crc="3943321630" ref="index"/>
    <file name="work_08_t-u2841-fr.jpg" crc="165222732" ref="index"/>
    <file name="work_01_b-u2714-fr3.jpg" crc="304743114" ref="index"/>
    <file name="work_02_b-u2772-fr3.jpg" crc="3802010496" ref="index"/>
    <file name="work_03_b-u2783-fr3.jpg" crc="212217622" ref="index"/>
    <file name="work_04_b-u2794-fr3.jpg" crc="96585119" ref="index"/>
    <file name="work_06_b-u2805-fr3.jpg" crc="270807263" ref="index"/>
    <file name="work_05_b-u2816-fr3.jpg" crc="491368198" ref="index"/>
    <file name="work_07_b-u2827-fr3.jpg" crc="3797551697" ref="index"/>
    <file name="work_08_b-u2838-fr3.jpg" crc="365144646" ref="index"/>
    <file name="contacts_01424x410.png" crc="4261471908" seo="true" ref="index"/>
    <file name="u18996-17.png" crc="3805284" ref="index"/>
    <file name="u18996-17-r.png" crc="3836944103" ref="index"/>
    <file name="u18996-17-m.png" crc="3836944103" ref="index"/>
    <file name="u18996-17-fs.png" crc="4116160567" ref="index"/>
    <file name="video_background-ieu3566-fr5.png" crc="358933495" ref="index"/>
    <file name="about_01279x339.png" crc="3799601381" seo="true" ref="index"/>
    <file name="works_trigger_background-buttonu3024-r-fr.png" crc="3910813661" ref="index"/>
    <file name="work_01_t-u2764-fr2.jpg" crc="3770026615" ref="index"/>
    <file name="work_02_t-u2775-fr2.jpg" crc="532477315" ref="index"/>
    <file name="work_03_t-u2786-fr2.jpg" crc="63443963" ref="index"/>
    <file name="work_04_t-u2797-fr2.jpg" crc="370903842" ref="index"/>
    <file name="work_06_t-u2808-fr2.jpg" crc="69241858" ref="index"/>
    <file name="work_05_t-u2819-fr2.jpg" crc="315475943" ref="index"/>
    <file name="work_07_t-u2830-fr2.jpg" crc="84140613" ref="index"/>
    <file name="work_08_t-u2841-fr2.jpg" crc="3829270992" ref="index"/>
    <file name="contacts_01374x361.png" crc="158223998" seo="true" ref="index"/>
    <file name="u18996-172.png" crc="3805284" ref="index"/>
    <file name="u18996-17-r2.png" crc="3836944103" ref="index"/>
    <file name="u18996-17-m2.png" crc="3836944103" ref="index"/>
    <file name="u18996-17-fs2.png" crc="4116160567" ref="index"/>
  </folder>
  <file name="index.html" crc="4054648897" seo="true" mt="1475486237215" redirect="true"/>
</manifest>