<?xml version="1.0" encoding="utf-8"?>
<!DOCTYPE install PUBLIC "-//Joomla! 2.5//DTD template 1.0//EN" "http://www.joomla.org/xml/dtd/2.5/template-install.dtd">
<extension version="3.1" type="template" client="site">
  <name>Sematic</name>
  <version>1.0</version>
  <creationDate>Sept 2018</creationDate>
  <author>Joomlastars</author>
  <authorEmail>author@joomlastars.co.in</authorEmail>
  <copyright>Copyright (C) 2018 Joomlastars. All rights reserved.</copyright>
  <description>
    <![CDATA[<link href="../templates/sematic/css/admin.css" rel="stylesheet" type="text/css" media="all" /> 
      <div class="templateinfo"><h3><strong>Construct joomla theme description</strong></h3>
      <img src="../templates/sematic/images/template.png" border="0" title="" alt=""/>
      <p>Template Links</p> 
      <p>Template Setup Guide <a href="http://sematic.joomlastars.co.in/Documentation/index.html" target="_blank">Read Now</a><br />  
      Follow us on Twitter <a href="http://twitter.com/joomlastars" target="_blank">Joomlastars Twitter</a><br />
      Follow us on Facebook <a href="http://www.facebook.com/joomlastars" target="_blank">Joomlastars Facebook</a><br>
      Talk with us on Skype <a>live:joomlastars</a><br>
      Send us mail @ <a href="mailto:author@joomlastars.co.in">author@joomlastars.co.in</a>
      <br /></p></div>]]>
  </description>
  <languages folder="language">
    <language tag="ar-AA">ar-AA/ar-AA.tpl_sematic.ini</language>
    <language tag="de-DE">de-DE/de-DE.tpl_sematic.ini</language>
    <language tag="en-GB">en-GB/en-GB.tpl_sematic.ini</language>
    <language tag="es-ES">es-ES/es-ES.tpl_sematic.ini</language>
    <language tag="fr-FR">fr-FR/fr-FR.tpl_sematic.ini</language>
    <language tag="gr-GR">gr-GR/gr-GR.tpl_sematic.ini</language>
    <language tag="it-IT">it-IT/it-IT.tpl_sematic.ini</language>
    <language tag="ja-JP">ja-JP/ja-JP.tpl_sematic.ini</language>
    <language tag="nb-NO">nb-NO/nb-NO.tpl_sematic.ini</language>
    <language tag="nl-NL">nl-NL/nl-NL.tpl_sematic.ini</language>
    <language tag="pt-PT">pt-PT/pt-PT.tpl_sematic.ini</language>
    <language tag="ru-RU">ru-RU/ru-RU.tpl_sematic.ini</language>
    <language tag="sv-SE">sv-SE/sv-SE.tpl_sematic.ini</language>
    <language tag="zh-CN">zh-CN/zh-CN.tpl_sematic.ini</language>
  </languages>
  <files>
    <folder>css</folder>
    <folder>html</folder>
    <folder>images</folder>
    <folder>js</folder>
    <folder>language</folder>
    <folder>preset</folder>
    <filename>favicon.ico</filename>
    <filename>index.php</filename>
    <filename>index.html</filename>
    <filename>templateDetails.xml</filename>
    <filename>template_preview.png</filename>
    <filename>template_thumbnail.png</filename>
  </files>
  <positions>
    <position>js-menu</position>
	<position>js-slideshow1</position>
	<position>js-slideshow2</position>
	<position>js-slideshow3</position>
	<position>js-slideshow4</position>
	<position>js-slideshow5</position>
	<position>js-slideshow6</position>
	
	<position>js-about</position>
	<position>js-statistic</position>
	<position>js-team</position>
	<position>js-portfolio</position>
	<position>js-banner</position>
	<position>js-services</position>
	<position>js-blog</position>
	<position>js-tweets</position>
	<position>js-testimonial</position>
	<position>js-clients</position>
	
	<position>js-portfolio1</position>
	<position>js-portfolio2</position>
	
	<position>js-map</position>
	<position>js-contact</position>
	<position>js-footer</position>
  </positions>
  <config>
    <fields name="params" addfieldpath="/templates/sematic/googlefont">
      <fieldset name="LOGOOPTIONS">
        <field label="LOGOINFO"  type="spacer" class="alert alert-blue"/>
        <field name="logo" class="" type="media" default=""
					label="LOGO"
					description="Add Logo" />
      </fieldset>
	  <fieldset name="HOME_VERSION">
        <field label="HOME VERSION_INFO" type="spacer" class="alert-blue"/>
        <field name="homepage_layout" type="list" default="home" label="Choose your Home" description="Choose your Layout">
          <option value="home1">Home Version 1</option>
          <option value="home2">Home Version 2</option>
		  <option value="home3">Home Version 3</option>
		  <option value="home4">Home Version 4</option>
		  <option value="home5">Home Version 5</option>
		  <option value="home6">Home Version 6</option>
		  <option value="home7">Home Version 7</option>
        </field>
      </fieldset>
    </fields>
  </config>
</extension>
